<?xml version="1.0" encoding="utf-8"?>
<!--/12812696/1626680/2.50/2/0/Crystal or Oscillator/-->
<quadcept_library>
  <setting unit="mil" />
  <textstyle name="Default" height="47.244094488189" strokewidth="7.8740157480315" charwidth="47.244094488189" />
  <textstyle name="Dimension" height="19.6850393700787" strokewidth="0" charwidth="19.6850393700787" />
  <textstyle name="H127W0635TH00762" height="50" strokewidth="3" charwidth="25" />
  <textstyle name="H15W15TH02" height="59.0551181102362" strokewidth="7.8740157480315" charwidth="59.0551181102362" />
  <padstyle name="r550_200" surface="True" plated="False" isvia="False" nopaste="False" nomask="True" complex="False" holesize="0">
    <padshape layer="TOP" shape="rectangle" width="78.740157480314" height="216.53543307086" />
    <padshape layer="TOP_SOLDER_MASK" shape="rectangle" width="86.614173228345" height="224.40944881889" />
    <padshape layer="TOP_SOLDER_PASTE" shape="rectangle" width="78.740157480314" height="216.53543307086" />
  </padstyle>
  <footprint name="ECS120185PXCKMTR" originx="0" originy="0" pickpointx="0" pickpointy="0">
    <pcbpin number="1" name="1" style="r550_200" originx="-187.00787401575" originy="0" rotation="90" />
    <pcbpin number="2" name="2" style="r550_200" originx="187.00787401575" originy="0" rotation="90" />
    <line layer="TOP_ASSEMBLY" originx="-224.40944881889" originy="94.488188976377" endx="224.40944881889" endy="94.488188976377" width="3.9370078740157" />
    <line layer="TOP_ASSEMBLY" originx="224.40944881889" originy="94.488188976377" endx="224.40944881889" endy="-94.488188976377" width="3.9370078740157" />
    <line layer="TOP_ASSEMBLY" originx="224.40944881889" originy="-94.488188976377" endx="-224.40944881889" endy="-94.488188976377" width="3.9370078740157" />
    <line layer="TOP_ASSEMBLY" originx="-224.40944881889" originy="-94.488188976377" endx="-224.40944881889" endy="94.488188976377" width="3.9370078740157" />
    <line layer="TOP_PLACE_BOUND" originx="-334.64566929133" originy="133.85826771653" endx="334.64566929133" endy="133.85826771653" width="3.9370078740157" />
    <line layer="TOP_PLACE_BOUND" originx="334.64566929133" originy="133.85826771653" endx="334.64566929133" endy="-133.85826771653" width="3.9370078740157" />
    <line layer="TOP_PLACE_BOUND" originx="334.64566929133" originy="-133.85826771653" endx="-334.64566929133" endy="-133.85826771653" width="3.9370078740157" />
    <line layer="TOP_PLACE_BOUND" originx="-334.64566929133" originy="-133.85826771653" endx="-334.64566929133" endy="133.85826771653" width="3.9370078740157" />
    <line layer="TOP_SILKSCREEN" originx="-224.40944881889" originy="94.488188976377" endx="224.40944881889" endy="94.488188976377" width="7.8740157480314" />
    <line layer="TOP_SILKSCREEN" originx="-224.40944881889" originy="-94.488188976377" endx="224.40944881889" endy="-94.488188976377" width="7.8740157480314" />
  </footprint>
  <symbol name="ECS-120-18-5PX-CKM-TR" originx="0" originy="0">
    <line originx="120" originy="100" endx="120" endy="-100" width="0" />
    <line originx="280" originy="100" endx="280" endy="-100" width="0" />
    <line originx="160" originy="140" endx="160" endy="-140" width="0" />
    <line originx="240" originy="-140" endx="160" endy="-140" width="0" />
    <line originx="240" originy="-140" endx="240" endy="140" width="0" />
    <line originx="160" originy="140" endx="240" endy="140" width="0" />
    <line originx="280" originy="0" endx="300" endy="0" width="0" />
    <line originx="120" originy="0" endx="100" endy="0" width="0" />
    <sympin number="1" originx="100" originy="0" rotation="180" length="100" width="7.8740157480315" flipped="False">
      <text name="pinname" originx="140" originy="10" style="Default" rotation="0" justify="left" flipped="False" hidden="True" data="1" />
      <text name="pindes" originx="60" originy="10" style="Default" rotation="0" justify="lowerright" flipped="False" hidden="False" data="1" />
    </sympin>
    <sympin number="2" originx="300" originy="0" rotation="0" length="100" width="7.8740157480315" flipped="False">
      <text name="pinname" originx="260" originy="10" style="Default" rotation="0" justify="right" flipped="False" hidden="True" data="2" />
      <text name="pindes" originx="340" originy="10" style="Default" rotation="0" justify="lowerleft" flipped="False" hidden="False" data="2" />
    </sympin>
  </symbol>
  <component name="ECS-120-18-5PX-CKM-TR" designatorprefix="Y" height="169.29133858268" footprint="ECS120185PXCKMTR">
    <comppin designator="1" sympin="1" pinswap="0" gateswap="0" gate="1" group="1" side="" type="Any" name="1" />
    <comppin designator="2" sympin="2" pinswap="0" gateswap="0" gate="1" group="1" side="" type="Any" name="2" />
    <attached_symbol gate="1" name="ECS-120-18-5PX-CKM-TR" />
    <pinmap designator="1" footprintpin="1" />
    <pinmap designator="2" footprintpin="2" />
    <text name="Datasheet" originx="0" originy="0" style="Default" rotation="0" justify="" flipped="False" hidden="True" data="https://www.digikey.com/en/products/detail/ecs-inc/ECS-120-18-5PX-TR/827395" />
    <text name="Description" originx="0" originy="0" style="Default" rotation="0" justify="" flipped="False" hidden="True" data="Crystals CRYSTAL 12MHZ 18pF +/-10ppm +/-10ppm -20 C 70C" />
    <text name="Mouser Part Number" originx="0" originy="0" style="Default" rotation="0" justify="" flipped="False" hidden="True" data="520-ECS120185PXCKMTR" />
    <text name="Mouser Price/Stock" originx="0" originy="0" style="Default" rotation="0" justify="" flipped="False" hidden="True" data="https://www.mouser.co.uk/ProductDetail/ECS/ECS-120-18-5PX-CKM-TR?qs=7MVldsJ5UaxGiQ3V9H8iDw%3D%3D" />
    <text name="Manufacturer_Name" originx="0" originy="0" style="Default" rotation="0" justify="" flipped="False" hidden="True" data="ECS" />
    <text name="Manufacturer_Part_Number" originx="350" originy="150" style="Default" rotation="0" justify="left" flipped="False" hidden="False" data="ECS-120-18-5PX-CKM-TR" />
  </component>
</quadcept_library>
