<?xml version="1.0" encoding="utf-8"?>
<!--/180897/1626680/2.50/38/3/Integrated Circuit/-->
<quadcept_library>
  <setting unit="mil" />
  <textstyle name="Default" height="47.244094488189" strokewidth="7.8740157480315" charwidth="47.244094488189" />
  <textstyle name="Dimension" height="19.6850393700787" strokewidth="0" charwidth="19.6850393700787" />
  <textstyle name="H127W0635TH00762" height="50" strokewidth="3" charwidth="25" />
  <textstyle name="H15W15TH02" height="59.0551181102362" strokewidth="7.8740157480315" charwidth="59.0551181102362" />
  <padstyle name="r147.5_30" surface="True" plated="False" isvia="False" nopaste="False" nomask="True" complex="False" holesize="0">
    <padshape layer="TOP" shape="rectangle" width="11.811023622047" height="58.070866141732" />
    <padshape layer="TOP_SOLDER_MASK" shape="rectangle" width="19.685039370078" height="65.944881889763" />
    <padshape layer="TOP_SOLDER_PASTE" shape="rectangle" width="11.811023622047" height="58.070866141732" />
  </padstyle>
  <footprint name="SOP50P640X120-38N" originx="0" originy="0" pickpointx="0" pickpointy="0">
    <pcbpin number="1" name="1" style="r147.5_30" originx="-115.66929133858" originy="177.16535433071" rotation="90" />
    <pcbpin number="2" name="2" style="r147.5_30" originx="-115.66929133858" originy="157.48031496063" rotation="90" />
    <pcbpin number="3" name="3" style="r147.5_30" originx="-115.66929133858" originy="137.79527559055" rotation="90" />
    <pcbpin number="4" name="4" style="r147.5_30" originx="-115.66929133858" originy="118.11023622047" rotation="90" />
    <pcbpin number="5" name="5" style="r147.5_30" originx="-115.66929133858" originy="98.425196850392" rotation="90" />
    <pcbpin number="6" name="6" style="r147.5_30" originx="-115.66929133858" originy="78.740157480314" rotation="90" />
    <pcbpin number="7" name="7" style="r147.5_30" originx="-115.66929133858" originy="59.055118110235" rotation="90" />
    <pcbpin number="8" name="8" style="r147.5_30" originx="-115.66929133858" originy="39.370078740157" rotation="90" />
    <pcbpin number="9" name="9" style="r147.5_30" originx="-115.66929133858" originy="19.685039370078" rotation="90" />
    <pcbpin number="10" name="10" style="r147.5_30" originx="-115.66929133858" originy="0" rotation="90" />
    <pcbpin number="11" name="11" style="r147.5_30" originx="-115.66929133858" originy="-19.685039370078" rotation="90" />
    <pcbpin number="12" name="12" style="r147.5_30" originx="-115.66929133858" originy="-39.370078740157" rotation="90" />
    <pcbpin number="13" name="13" style="r147.5_30" originx="-115.66929133858" originy="-59.055118110235" rotation="90" />
    <pcbpin number="14" name="14" style="r147.5_30" originx="-115.66929133858" originy="-78.740157480314" rotation="90" />
    <pcbpin number="15" name="15" style="r147.5_30" originx="-115.66929133858" originy="-98.425196850392" rotation="90" />
    <pcbpin number="16" name="16" style="r147.5_30" originx="-115.66929133858" originy="-118.11023622047" rotation="90" />
    <pcbpin number="17" name="17" style="r147.5_30" originx="-115.66929133858" originy="-137.79527559055" rotation="90" />
    <pcbpin number="18" name="18" style="r147.5_30" originx="-115.66929133858" originy="-157.48031496063" rotation="90" />
    <pcbpin number="19" name="19" style="r147.5_30" originx="-115.66929133858" originy="-177.16535433071" rotation="90" />
    <pcbpin number="20" name="20" style="r147.5_30" originx="115.66929133858" originy="-177.16535433071" rotation="90" />
    <pcbpin number="21" name="21" style="r147.5_30" originx="115.66929133858" originy="-157.48031496063" rotation="90" />
    <pcbpin number="22" name="22" style="r147.5_30" originx="115.66929133858" originy="-137.79527559055" rotation="90" />
    <pcbpin number="23" name="23" style="r147.5_30" originx="115.66929133858" originy="-118.11023622047" rotation="90" />
    <pcbpin number="24" name="24" style="r147.5_30" originx="115.66929133858" originy="-98.425196850392" rotation="90" />
    <pcbpin number="25" name="25" style="r147.5_30" originx="115.66929133858" originy="-78.740157480314" rotation="90" />
    <pcbpin number="26" name="26" style="r147.5_30" originx="115.66929133858" originy="-59.055118110235" rotation="90" />
    <pcbpin number="27" name="27" style="r147.5_30" originx="115.66929133858" originy="-39.370078740157" rotation="90" />
    <pcbpin number="28" name="28" style="r147.5_30" originx="115.66929133858" originy="-19.685039370078" rotation="90" />
    <pcbpin number="29" name="29" style="r147.5_30" originx="115.66929133858" originy="0" rotation="90" />
    <pcbpin number="30" name="30" style="r147.5_30" originx="115.66929133858" originy="19.685039370078" rotation="90" />
    <pcbpin number="31" name="31" style="r147.5_30" originx="115.66929133858" originy="39.370078740157" rotation="90" />
    <pcbpin number="32" name="32" style="r147.5_30" originx="115.66929133858" originy="59.055118110235" rotation="90" />
    <pcbpin number="33" name="33" style="r147.5_30" originx="115.66929133858" originy="78.740157480314" rotation="90" />
    <pcbpin number="34" name="34" style="r147.5_30" originx="115.66929133858" originy="98.425196850392" rotation="90" />
    <pcbpin number="35" name="35" style="r147.5_30" originx="115.66929133858" originy="118.11023622047" rotation="90" />
    <pcbpin number="36" name="36" style="r147.5_30" originx="115.66929133858" originy="137.79527559055" rotation="90" />
    <pcbpin number="37" name="37" style="r147.5_30" originx="115.66929133858" originy="157.48031496063" rotation="90" />
    <pcbpin number="38" name="38" style="r147.5_30" originx="115.66929133858" originy="177.16535433071" rotation="90" />
    <line layer="TOP_PLACE_BOUND" originx="-154.52755905512" originy="201.7716535433" endx="154.52755905512" endy="201.7716535433" width="1.9685039370079" />
    <line layer="TOP_PLACE_BOUND" originx="154.52755905512" originy="201.7716535433" endx="154.52755905512" endy="-201.7716535433" width="1.9685039370079" />
    <line layer="TOP_PLACE_BOUND" originx="154.52755905512" originy="-201.7716535433" endx="-154.52755905512" endy="-201.7716535433" width="1.9685039370079" />
    <line layer="TOP_PLACE_BOUND" originx="-154.52755905512" originy="-201.7716535433" endx="-154.52755905512" endy="201.7716535433" width="1.9685039370079" />
    <line layer="TOP_ASSEMBLY" originx="-86.614173228345" originy="190.94488188976" endx="86.614173228345" endy="190.94488188976" width="3.9370078740157" />
    <line layer="TOP_ASSEMBLY" originx="86.614173228345" originy="190.94488188976" endx="86.614173228345" endy="-190.94488188976" width="3.9370078740157" />
    <line layer="TOP_ASSEMBLY" originx="86.614173228345" originy="-190.94488188976" endx="-86.614173228345" endy="-190.94488188976" width="3.9370078740157" />
    <line layer="TOP_ASSEMBLY" originx="-86.614173228345" originy="-190.94488188976" endx="-86.614173228345" endy="190.94488188976" width="3.9370078740157" />
    <line layer="TOP_ASSEMBLY" originx="-86.614173228345" originy="171.25984251968" endx="-66.929133858267" endy="190.94488188976" width="3.9370078740157" />
    <line layer="TOP_SILKSCREEN" originx="-72.83464566929" originy="190.94488188976" endx="72.83464566929" endy="190.94488188976" width="7.8740157480314" />
    <line layer="TOP_SILKSCREEN" originx="72.83464566929" originy="190.94488188976" endx="72.83464566929" endy="-190.94488188976" width="7.8740157480314" />
    <line layer="TOP_SILKSCREEN" originx="72.83464566929" originy="-190.94488188976" endx="-72.83464566929" endy="-190.94488188976" width="7.8740157480314" />
    <line layer="TOP_SILKSCREEN" originx="-72.83464566929" originy="-190.94488188976" endx="-72.83464566929" endy="190.94488188976" width="7.8740157480314" />
    <line layer="TOP_SILKSCREEN" originx="-144.68503937008" originy="196.85039370078" endx="-86.614173228345" endy="196.85039370078" width="7.8740157480314" />
  </footprint>
  <symbol name="ADS7953SBDBT" originx="0" originy="0">
    <line originx="200" originy="100" endx="1100" endy="100" width="0" />
    <line originx="1100" originy="-1900" endx="1100" endy="100" width="0" />
    <line originx="1100" originy="-1900" endx="200" endy="-1900" width="0" />
    <line originx="200" originy="100" endx="200" endy="-1900" width="0" />
    <sympin number="1" originx="200" originy="0" rotation="180" length="100" width="7.8740157480315" flipped="False">
      <text name="pinname" originx="230" originy="0" style="Default" rotation="0" justify="left" flipped="False" hidden="False" data="GPIO2" />
      <text name="pindes" originx="140" originy="20" style="Default" rotation="0" justify="lowerright" flipped="False" hidden="False" data="1" />
    </sympin>
    <sympin number="2" originx="200" originy="-100" rotation="180" length="100" width="7.8740157480315" flipped="False">
      <text name="pinname" originx="230" originy="-100" style="Default" rotation="0" justify="left" flipped="False" hidden="False" data="GPIO3" />
      <text name="pindes" originx="140" originy="-80" style="Default" rotation="0" justify="lowerright" flipped="False" hidden="False" data="2" />
    </sympin>
    <sympin number="3" originx="200" originy="-200" rotation="180" length="100" width="7.8740157480315" flipped="False">
      <text name="pinname" originx="230" originy="-200" style="Default" rotation="0" justify="left" flipped="False" hidden="False" data="REFM" />
      <text name="pindes" originx="140" originy="-180" style="Default" rotation="0" justify="lowerright" flipped="False" hidden="False" data="3" />
    </sympin>
    <sympin number="4" originx="200" originy="-300" rotation="180" length="100" width="7.8740157480315" flipped="False">
      <text name="pinname" originx="230" originy="-300" style="Default" rotation="0" justify="left" flipped="False" hidden="False" data="REFP" />
      <text name="pindes" originx="140" originy="-280" style="Default" rotation="0" justify="lowerright" flipped="False" hidden="False" data="4" />
    </sympin>
    <sympin number="5" originx="200" originy="-400" rotation="180" length="100" width="7.8740157480315" flipped="False">
      <text name="pinname" originx="230" originy="-400" style="Default" rotation="0" justify="left" flipped="False" hidden="False" data="+VA_1" />
      <text name="pindes" originx="140" originy="-380" style="Default" rotation="0" justify="lowerright" flipped="False" hidden="False" data="5" />
    </sympin>
    <sympin number="6" originx="200" originy="-500" rotation="180" length="100" width="7.8740157480315" flipped="False">
      <text name="pinname" originx="230" originy="-500" style="Default" rotation="0" justify="left" flipped="False" hidden="False" data="AGND_1" />
      <text name="pindes" originx="140" originy="-480" style="Default" rotation="0" justify="lowerright" flipped="False" hidden="False" data="6" />
    </sympin>
    <sympin number="7" originx="200" originy="-600" rotation="180" length="100" width="7.8740157480315" flipped="False">
      <text name="pinname" originx="230" originy="-600" style="Default" rotation="0" justify="left" flipped="False" hidden="False" data="MXO" />
      <text name="pindes" originx="140" originy="-580" style="Default" rotation="0" justify="lowerright" flipped="False" hidden="False" data="7" />
    </sympin>
    <sympin number="8" originx="200" originy="-700" rotation="180" length="100" width="7.8740157480315" flipped="False">
      <text name="pinname" originx="230" originy="-700" style="Default" rotation="0" justify="left" flipped="False" hidden="False" data="AINP" />
      <text name="pindes" originx="140" originy="-680" style="Default" rotation="0" justify="lowerright" flipped="False" hidden="False" data="8" />
    </sympin>
    <sympin number="9" originx="200" originy="-800" rotation="180" length="100" width="7.8740157480315" flipped="False">
      <text name="pinname" originx="230" originy="-800" style="Default" rotation="0" justify="left" flipped="False" hidden="False" data="AINM" />
      <text name="pindes" originx="140" originy="-780" style="Default" rotation="0" justify="lowerright" flipped="False" hidden="False" data="9" />
    </sympin>
    <sympin number="10" originx="200" originy="-900" rotation="180" length="100" width="7.8740157480315" flipped="False">
      <text name="pinname" originx="230" originy="-900" style="Default" rotation="0" justify="left" flipped="False" hidden="False" data="AGND_2" />
      <text name="pindes" originx="140" originy="-880" style="Default" rotation="0" justify="lowerright" flipped="False" hidden="False" data="10" />
    </sympin>
    <sympin number="11" originx="200" originy="-1000" rotation="180" length="100" width="7.8740157480315" flipped="False">
      <text name="pinname" originx="230" originy="-1000" style="Default" rotation="0" justify="left" flipped="False" hidden="False" data="CH15" />
      <text name="pindes" originx="140" originy="-980" style="Default" rotation="0" justify="lowerright" flipped="False" hidden="False" data="11" />
    </sympin>
    <sympin number="12" originx="200" originy="-1100" rotation="180" length="100" width="7.8740157480315" flipped="False">
      <text name="pinname" originx="230" originy="-1100" style="Default" rotation="0" justify="left" flipped="False" hidden="False" data="CH14" />
      <text name="pindes" originx="140" originy="-1080" style="Default" rotation="0" justify="lowerright" flipped="False" hidden="False" data="12" />
    </sympin>
    <sympin number="13" originx="200" originy="-1200" rotation="180" length="100" width="7.8740157480315" flipped="False">
      <text name="pinname" originx="230" originy="-1200" style="Default" rotation="0" justify="left" flipped="False" hidden="False" data="CH13" />
      <text name="pindes" originx="140" originy="-1180" style="Default" rotation="0" justify="lowerright" flipped="False" hidden="False" data="13" />
    </sympin>
    <sympin number="14" originx="200" originy="-1300" rotation="180" length="100" width="7.8740157480315" flipped="False">
      <text name="pinname" originx="230" originy="-1300" style="Default" rotation="0" justify="left" flipped="False" hidden="False" data="CH12" />
      <text name="pindes" originx="140" originy="-1280" style="Default" rotation="0" justify="lowerright" flipped="False" hidden="False" data="14" />
    </sympin>
    <sympin number="15" originx="200" originy="-1400" rotation="180" length="100" width="7.8740157480315" flipped="False">
      <text name="pinname" originx="230" originy="-1400" style="Default" rotation="0" justify="left" flipped="False" hidden="False" data="CH11" />
      <text name="pindes" originx="140" originy="-1380" style="Default" rotation="0" justify="lowerright" flipped="False" hidden="False" data="15" />
    </sympin>
    <sympin number="16" originx="200" originy="-1500" rotation="180" length="100" width="7.8740157480315" flipped="False">
      <text name="pinname" originx="230" originy="-1500" style="Default" rotation="0" justify="left" flipped="False" hidden="False" data="CH10" />
      <text name="pindes" originx="140" originy="-1480" style="Default" rotation="0" justify="lowerright" flipped="False" hidden="False" data="16" />
    </sympin>
    <sympin number="17" originx="200" originy="-1600" rotation="180" length="100" width="7.8740157480315" flipped="False">
      <text name="pinname" originx="230" originy="-1600" style="Default" rotation="0" justify="left" flipped="False" hidden="False" data="CH9" />
      <text name="pindes" originx="140" originy="-1580" style="Default" rotation="0" justify="lowerright" flipped="False" hidden="False" data="17" />
    </sympin>
    <sympin number="18" originx="200" originy="-1700" rotation="180" length="100" width="7.8740157480315" flipped="False">
      <text name="pinname" originx="230" originy="-1700" style="Default" rotation="0" justify="left" flipped="False" hidden="False" data="CH8" />
      <text name="pindes" originx="140" originy="-1680" style="Default" rotation="0" justify="lowerright" flipped="False" hidden="False" data="18" />
    </sympin>
    <sympin number="19" originx="200" originy="-1800" rotation="180" length="100" width="7.8740157480315" flipped="False">
      <text name="pinname" originx="230" originy="-1800" style="Default" rotation="0" justify="left" flipped="False" hidden="False" data="AGND_3" />
      <text name="pindes" originx="140" originy="-1780" style="Default" rotation="0" justify="lowerright" flipped="False" hidden="False" data="19" />
    </sympin>
    <sympin number="38" originx="1100" originy="0" rotation="0" length="100" width="7.8740157480315" flipped="False">
      <text name="pinname" originx="1070" originy="0" style="Default" rotation="0" justify="right" flipped="False" hidden="False" data="GPIO1" />
      <text name="pindes" originx="1160" originy="20" style="Default" rotation="0" justify="lowerleft" flipped="False" hidden="False" data="38" />
    </sympin>
    <sympin number="37" originx="1100" originy="-100" rotation="0" length="100" width="7.8740157480315" flipped="False">
      <text name="pinname" originx="1070" originy="-100" style="Default" rotation="0" justify="right" flipped="False" hidden="False" data="GPIO0" />
      <text name="pindes" originx="1160" originy="-80" style="Default" rotation="0" justify="lowerleft" flipped="False" hidden="False" data="37" />
    </sympin>
    <sympin number="36" originx="1100" originy="-200" rotation="0" length="100" width="7.8740157480315" flipped="False">
      <text name="pinname" originx="1070" originy="-200" style="Default" rotation="0" justify="right" flipped="False" hidden="False" data="+VBD" />
      <text name="pindes" originx="1160" originy="-180" style="Default" rotation="0" justify="lowerleft" flipped="False" hidden="False" data="36" />
    </sympin>
    <sympin number="35" originx="1100" originy="-300" rotation="0" length="100" width="7.8740157480315" flipped="False">
      <text name="pinname" originx="1070" originy="-300" style="Default" rotation="0" justify="right" flipped="False" hidden="False" data="BDGND" />
      <text name="pindes" originx="1160" originy="-280" style="Default" rotation="0" justify="lowerleft" flipped="False" hidden="False" data="35" />
    </sympin>
    <sympin number="34" originx="1100" originy="-400" rotation="0" length="100" width="7.8740157480315" flipped="False">
      <text name="pinname" originx="1070" originy="-400" style="Default" rotation="0" justify="right" flipped="False" hidden="False" data="SDO" />
      <text name="pindes" originx="1160" originy="-380" style="Default" rotation="0" justify="lowerleft" flipped="False" hidden="False" data="34" />
    </sympin>
    <sympin number="33" originx="1100" originy="-500" rotation="0" length="100" width="7.8740157480315" flipped="False">
      <text name="pinname" originx="1070" originy="-500" style="Default" rotation="0" justify="right" flipped="False" hidden="False" data="SDI" />
      <text name="pindes" originx="1160" originy="-480" style="Default" rotation="0" justify="lowerleft" flipped="False" hidden="False" data="33" />
    </sympin>
    <sympin number="32" originx="1100" originy="-600" rotation="0" length="100" width="7.8740157480315" flipped="False">
      <text name="pinname" originx="1070" originy="-600" style="Default" rotation="0" justify="right" flipped="False" hidden="False" data="SCLK" />
      <text name="pindes" originx="1160" originy="-580" style="Default" rotation="0" justify="lowerleft" flipped="False" hidden="False" data="32" />
    </sympin>
    <sympin number="31" originx="1100" originy="-700" rotation="0" length="100" width="7.8740157480315" flipped="False">
      <text name="pinname" originx="1070" originy="-700" style="Default" rotation="0" justify="right" flipped="False" hidden="False" data="\CS" />
      <text name="pindes" originx="1160" originy="-680" style="Default" rotation="0" justify="lowerleft" flipped="False" hidden="False" data="31" />
    </sympin>
    <sympin number="30" originx="1100" originy="-800" rotation="0" length="100" width="7.8740157480315" flipped="False">
      <text name="pinname" originx="1070" originy="-800" style="Default" rotation="0" justify="right" flipped="False" hidden="False" data="AGND_5" />
      <text name="pindes" originx="1160" originy="-780" style="Default" rotation="0" justify="lowerleft" flipped="False" hidden="False" data="30" />
    </sympin>
    <sympin number="29" originx="1100" originy="-900" rotation="0" length="100" width="7.8740157480315" flipped="False">
      <text name="pinname" originx="1070" originy="-900" style="Default" rotation="0" justify="right" flipped="False" hidden="False" data="+VA_2" />
      <text name="pindes" originx="1160" originy="-880" style="Default" rotation="0" justify="lowerleft" flipped="False" hidden="False" data="29" />
    </sympin>
    <sympin number="28" originx="1100" originy="-1000" rotation="0" length="100" width="7.8740157480315" flipped="False">
      <text name="pinname" originx="1070" originy="-1000" style="Default" rotation="0" justify="right" flipped="False" hidden="False" data="CH0" />
      <text name="pindes" originx="1160" originy="-980" style="Default" rotation="0" justify="lowerleft" flipped="False" hidden="False" data="28" />
    </sympin>
    <sympin number="27" originx="1100" originy="-1100" rotation="0" length="100" width="7.8740157480315" flipped="False">
      <text name="pinname" originx="1070" originy="-1100" style="Default" rotation="0" justify="right" flipped="False" hidden="False" data="CH1" />
      <text name="pindes" originx="1160" originy="-1080" style="Default" rotation="0" justify="lowerleft" flipped="False" hidden="False" data="27" />
    </sympin>
    <sympin number="26" originx="1100" originy="-1200" rotation="0" length="100" width="7.8740157480315" flipped="False">
      <text name="pinname" originx="1070" originy="-1200" style="Default" rotation="0" justify="right" flipped="False" hidden="False" data="CH2" />
      <text name="pindes" originx="1160" originy="-1180" style="Default" rotation="0" justify="lowerleft" flipped="False" hidden="False" data="26" />
    </sympin>
    <sympin number="25" originx="1100" originy="-1300" rotation="0" length="100" width="7.8740157480315" flipped="False">
      <text name="pinname" originx="1070" originy="-1300" style="Default" rotation="0" justify="right" flipped="False" hidden="False" data="CH3" />
      <text name="pindes" originx="1160" originy="-1280" style="Default" rotation="0" justify="lowerleft" flipped="False" hidden="False" data="25" />
    </sympin>
    <sympin number="24" originx="1100" originy="-1400" rotation="0" length="100" width="7.8740157480315" flipped="False">
      <text name="pinname" originx="1070" originy="-1400" style="Default" rotation="0" justify="right" flipped="False" hidden="False" data="CH4" />
      <text name="pindes" originx="1160" originy="-1380" style="Default" rotation="0" justify="lowerleft" flipped="False" hidden="False" data="24" />
    </sympin>
    <sympin number="23" originx="1100" originy="-1500" rotation="0" length="100" width="7.8740157480315" flipped="False">
      <text name="pinname" originx="1070" originy="-1500" style="Default" rotation="0" justify="right" flipped="False" hidden="False" data="CH5" />
      <text name="pindes" originx="1160" originy="-1480" style="Default" rotation="0" justify="lowerleft" flipped="False" hidden="False" data="23" />
    </sympin>
    <sympin number="22" originx="1100" originy="-1600" rotation="0" length="100" width="7.8740157480315" flipped="False">
      <text name="pinname" originx="1070" originy="-1600" style="Default" rotation="0" justify="right" flipped="False" hidden="False" data="CH6" />
      <text name="pindes" originx="1160" originy="-1580" style="Default" rotation="0" justify="lowerleft" flipped="False" hidden="False" data="22" />
    </sympin>
    <sympin number="21" originx="1100" originy="-1700" rotation="0" length="100" width="7.8740157480315" flipped="False">
      <text name="pinname" originx="1070" originy="-1700" style="Default" rotation="0" justify="right" flipped="False" hidden="False" data="CH7" />
      <text name="pindes" originx="1160" originy="-1680" style="Default" rotation="0" justify="lowerleft" flipped="False" hidden="False" data="21" />
    </sympin>
    <sympin number="20" originx="1100" originy="-1800" rotation="0" length="100" width="7.8740157480315" flipped="False">
      <text name="pinname" originx="1070" originy="-1800" style="Default" rotation="0" justify="right" flipped="False" hidden="False" data="AGND_4" />
      <text name="pindes" originx="1160" originy="-1780" style="Default" rotation="0" justify="lowerleft" flipped="False" hidden="False" data="20" />
    </sympin>
  </symbol>
  <component name="ADS7953SBDBT" designatorprefix="IC" height="47.244094488188" footprint="SOP50P640X120-38N">
    <comppin designator="1" sympin="1" pinswap="0" gateswap="0" gate="1" group="1" side="" type="Any" name="GPIO2" />
    <comppin designator="2" sympin="2" pinswap="0" gateswap="0" gate="1" group="1" side="" type="Any" name="GPIO3" />
    <comppin designator="3" sympin="3" pinswap="0" gateswap="0" gate="1" group="1" side="" type="Any" name="REFM" />
    <comppin designator="4" sympin="4" pinswap="0" gateswap="0" gate="1" group="1" side="" type="Any" name="REFP" />
    <comppin designator="5" sympin="5" pinswap="0" gateswap="0" gate="1" group="1" side="" type="Any" name="+VA_1" />
    <comppin designator="6" sympin="6" pinswap="0" gateswap="0" gate="1" group="1" side="" type="Any" name="AGND_1" />
    <comppin designator="7" sympin="7" pinswap="0" gateswap="0" gate="1" group="1" side="" type="Any" name="MXO" />
    <comppin designator="8" sympin="8" pinswap="0" gateswap="0" gate="1" group="1" side="" type="Any" name="AINP" />
    <comppin designator="9" sympin="9" pinswap="0" gateswap="0" gate="1" group="1" side="" type="Any" name="AINM" />
    <comppin designator="10" sympin="10" pinswap="0" gateswap="0" gate="1" group="1" side="" type="Any" name="AGND_2" />
    <comppin designator="11" sympin="11" pinswap="0" gateswap="0" gate="1" group="1" side="" type="Any" name="CH15" />
    <comppin designator="12" sympin="12" pinswap="0" gateswap="0" gate="1" group="1" side="" type="Any" name="CH14" />
    <comppin designator="13" sympin="13" pinswap="0" gateswap="0" gate="1" group="1" side="" type="Any" name="CH13" />
    <comppin designator="14" sympin="14" pinswap="0" gateswap="0" gate="1" group="1" side="" type="Any" name="CH12" />
    <comppin designator="15" sympin="15" pinswap="0" gateswap="0" gate="1" group="1" side="" type="Any" name="CH11" />
    <comppin designator="16" sympin="16" pinswap="0" gateswap="0" gate="1" group="1" side="" type="Any" name="CH10" />
    <comppin designator="17" sympin="17" pinswap="0" gateswap="0" gate="1" group="1" side="" type="Any" name="CH9" />
    <comppin designator="18" sympin="18" pinswap="0" gateswap="0" gate="1" group="1" side="" type="Any" name="CH8" />
    <comppin designator="19" sympin="19" pinswap="0" gateswap="0" gate="1" group="1" side="" type="Any" name="AGND_3" />
    <comppin designator="20" sympin="20" pinswap="0" gateswap="0" gate="1" group="1" side="" type="Any" name="AGND_4" />
    <comppin designator="21" sympin="21" pinswap="0" gateswap="0" gate="1" group="1" side="" type="Any" name="CH7" />
    <comppin designator="22" sympin="22" pinswap="0" gateswap="0" gate="1" group="1" side="" type="Any" name="CH6" />
    <comppin designator="23" sympin="23" pinswap="0" gateswap="0" gate="1" group="1" side="" type="Any" name="CH5" />
    <comppin designator="24" sympin="24" pinswap="0" gateswap="0" gate="1" group="1" side="" type="Any" name="CH4" />
    <comppin designator="25" sympin="25" pinswap="0" gateswap="0" gate="1" group="1" side="" type="Any" name="CH3" />
    <comppin designator="26" sympin="26" pinswap="0" gateswap="0" gate="1" group="1" side="" type="Any" name="CH2" />
    <comppin designator="27" sympin="27" pinswap="0" gateswap="0" gate="1" group="1" side="" type="Any" name="CH1" />
    <comppin designator="28" sympin="28" pinswap="0" gateswap="0" gate="1" group="1" side="" type="Any" name="CH0" />
    <comppin designator="29" sympin="29" pinswap="0" gateswap="0" gate="1" group="1" side="" type="Any" name="+VA_2" />
    <comppin designator="30" sympin="30" pinswap="0" gateswap="0" gate="1" group="1" side="" type="Any" name="AGND_5" />
    <comppin designator="31" sympin="31" pinswap="0" gateswap="0" gate="1" group="1" side="" type="Any" name="|CS" />
    <comppin designator="32" sympin="32" pinswap="0" gateswap="0" gate="1" group="1" side="" type="Any" name="SCLK" />
    <comppin designator="33" sympin="33" pinswap="0" gateswap="0" gate="1" group="1" side="" type="Any" name="SDI" />
    <comppin designator="34" sympin="34" pinswap="0" gateswap="0" gate="1" group="1" side="" type="Any" name="SDO" />
    <comppin designator="35" sympin="35" pinswap="0" gateswap="0" gate="1" group="1" side="" type="Any" name="BDGND" />
    <comppin designator="36" sympin="36" pinswap="0" gateswap="0" gate="1" group="1" side="" type="Any" name="+VBD" />
    <comppin designator="37" sympin="37" pinswap="0" gateswap="0" gate="1" group="1" side="" type="Any" name="GPIO0" />
    <comppin designator="38" sympin="38" pinswap="0" gateswap="0" gate="1" group="1" side="" type="Any" name="GPIO1" />
    <attached_symbol gate="1" name="ADS7953SBDBT" />
    <pinmap designator="1" footprintpin="1" />
    <pinmap designator="2" footprintpin="2" />
    <pinmap designator="3" footprintpin="3" />
    <pinmap designator="4" footprintpin="4" />
    <pinmap designator="5" footprintpin="5" />
    <pinmap designator="6" footprintpin="6" />
    <pinmap designator="7" footprintpin="7" />
    <pinmap designator="8" footprintpin="8" />
    <pinmap designator="9" footprintpin="9" />
    <pinmap designator="10" footprintpin="10" />
    <pinmap designator="11" footprintpin="11" />
    <pinmap designator="12" footprintpin="12" />
    <pinmap designator="13" footprintpin="13" />
    <pinmap designator="14" footprintpin="14" />
    <pinmap designator="15" footprintpin="15" />
    <pinmap designator="16" footprintpin="16" />
    <pinmap designator="17" footprintpin="17" />
    <pinmap designator="18" footprintpin="18" />
    <pinmap designator="19" footprintpin="19" />
    <pinmap designator="20" footprintpin="20" />
    <pinmap designator="21" footprintpin="21" />
    <pinmap designator="22" footprintpin="22" />
    <pinmap designator="23" footprintpin="23" />
    <pinmap designator="24" footprintpin="24" />
    <pinmap designator="25" footprintpin="25" />
    <pinmap designator="26" footprintpin="26" />
    <pinmap designator="27" footprintpin="27" />
    <pinmap designator="28" footprintpin="28" />
    <pinmap designator="29" footprintpin="29" />
    <pinmap designator="30" footprintpin="30" />
    <pinmap designator="31" footprintpin="31" />
    <pinmap designator="32" footprintpin="32" />
    <pinmap designator="33" footprintpin="33" />
    <pinmap designator="34" footprintpin="34" />
    <pinmap designator="35" footprintpin="35" />
    <pinmap designator="36" footprintpin="36" />
    <pinmap designator="37" footprintpin="37" />
    <pinmap designator="38" footprintpin="38" />
    <text name="Datasheet" originx="0" originy="0" style="Default" rotation="0" justify="" flipped="False" hidden="True" data="http://www.ti.com/lit/ds/symlink/ads7953.pdf" />
    <text name="Description" originx="0" originy="0" style="Default" rotation="0" justify="" flipped="False" hidden="True" data="12-Bit, 1-MSPS, 16-Channel, Single-Ended, microPower SAR ADC with Serial I/F" />
    <text name="Mouser Part Number" originx="0" originy="0" style="Default" rotation="0" justify="" flipped="False" hidden="True" data="595-ADS7953SBDBT" />
    <text name="Mouser Price/Stock" originx="0" originy="0" style="Default" rotation="0" justify="" flipped="False" hidden="True" data="https://www.mouser.co.uk/ProductDetail/Texas-Instruments/ADS7953SBDBT?qs=Lv5%252BaqTFJEPgQ17SA2TUyg%3D%3D" />
    <text name="Manufacturer_Name" originx="0" originy="0" style="Default" rotation="0" justify="" flipped="False" hidden="True" data="Texas Instruments" />
    <text name="Manufacturer_Part_Number" originx="1150" originy="200" style="Default" rotation="0" justify="left" flipped="False" hidden="False" data="ADS7953SBDBT" />
  </component>
</quadcept_library>
