<?xml version="1.0" encoding="utf-8"?>
<!--/18503497/1626680/2.50/4/2/Integrated Circuit/-->
<quadcept_library>
  <setting unit="mil" />
  <textstyle name="Default" height="47.244094488189" strokewidth="7.8740157480315" charwidth="47.244094488189" />
  <textstyle name="Dimension" height="19.6850393700787" strokewidth="0" charwidth="19.6850393700787" />
  <textstyle name="H127W0635TH00762" height="50" strokewidth="3" charwidth="25" />
  <textstyle name="H15W15TH02" height="59.0551181102362" strokewidth="7.8740157480315" charwidth="59.0551181102362" />
  <padstyle name="r105_100" surface="True" plated="False" isvia="False" nopaste="False" nomask="True" complex="False" holesize="0">
    <padshape layer="TOP" shape="rectangle" width="39.370078740157" height="41.338582677165" />
    <padshape layer="TOP_SOLDER_MASK" shape="rectangle" width="47.244094488188" height="49.212598425196" />
    <padshape layer="TOP_SOLDER_PASTE" shape="rectangle" width="39.370078740157" height="41.338582677165" />
  </padstyle>
  <padstyle name="r220_105" surface="True" plated="False" isvia="False" nopaste="False" nomask="True" complex="False" holesize="0">
    <padshape layer="TOP" shape="rectangle" width="41.338582677165" height="86.614173228345" />
    <padshape layer="TOP_SOLDER_MASK" shape="rectangle" width="49.212598425196" height="94.488188976377" />
    <padshape layer="TOP_SOLDER_PASTE" shape="rectangle" width="41.338582677165" height="86.614173228345" />
  </padstyle>
  <footprint name="CONMHF1SMDGT" originx="0" originy="0" pickpointx="0" pickpointy="0">
    <pcbpin number="1" name="1" style="r105_100" originx="0" originy="60.039370078739" rotation="0" />
    <pcbpin number="2" name="2" style="r220_105" originx="-58.070866141732" originy="0" rotation="0" />
    <pcbpin number="3" name="3" style="r105_100" originx="0" originy="-60.039370078739" rotation="0" />
    <pcbpin number="4" name="4" style="r220_105" originx="58.070866141732" originy="0" rotation="0" />
    <line layer="TOP_PLACE_BOUND" originx="-118.11023622047" originy="120.07874015748" endx="118.11023622047" endy="120.07874015748" width="3.9370078740157" />
    <line layer="TOP_PLACE_BOUND" originx="118.11023622047" originy="120.07874015748" endx="118.11023622047" endy="-120.07874015748" width="3.9370078740157" />
    <line layer="TOP_PLACE_BOUND" originx="118.11023622047" originy="-120.07874015748" endx="-118.11023622047" endy="-120.07874015748" width="3.9370078740157" />
    <line layer="TOP_PLACE_BOUND" originx="-118.11023622047" originy="-120.07874015748" endx="-118.11023622047" endy="120.07874015748" width="3.9370078740157" />
    <line layer="TOP_ASSEMBLY" originx="-39.370078740157" originy="51.181102362204" endx="-51.181102362204" endy="39.370078740157" width="3.9370078740157" />
    <line layer="TOP_ASSEMBLY" originx="-51.181102362204" originy="39.370078740157" endx="-51.181102362204" endy="-51.181102362204" width="3.9370078740157" />
    <line layer="TOP_ASSEMBLY" originx="-51.181102362204" originy="-51.181102362204" endx="51.181102362204" endy="-51.181102362204" width="3.9370078740157" />
    <line layer="TOP_ASSEMBLY" originx="51.181102362204" originy="-51.181102362204" endx="51.181102362204" endy="39.370078740157" width="3.9370078740157" />
    <line layer="TOP_ASSEMBLY" originx="51.181102362204" originy="39.370078740157" endx="39.370078740157" endy="51.181102362204" width="3.9370078740157" />
    <line layer="TOP_ASSEMBLY" originx="39.370078740157" originy="51.181102362204" endx="-39.370078740157" endy="51.181102362204" width="3.9370078740157" />
    <line layer="TOP_SILKSCREEN" originx="-3.9370078740157" originy="98.425196850392" endx="-3.9370078740157" endy="98.425196850392" width="7.8740157480314" />
    <arc layer="TOP_SILKSCREEN" originx="3.2782175923971E-15" originy="98.425196850392" startangle="180.0" sweepangle="180.0" radius="3.9370078740157" width="7.8740157480314" />
    <line layer="TOP_SILKSCREEN" originx="3.9370078740157" originy="98.425196850392" endx="3.9370078740157" endy="98.425196850392" width="7.8740157480314" />
    <arc layer="TOP_SILKSCREEN" originx="3.2782175923971E-15" originy="98.425196850392" startangle=".0" sweepangle="180.0" radius="3.9370078740157" width="7.8740157480314" />
  </footprint>
  <symbol name="CONMHF1-SMD-G-T" originx="0" originy="0">
    <line originx="200" originy="500" endx="1000" endy="500" width="0" />
    <line originx="1000" originy="-500" endx="1000" endy="500" width="0" />
    <line originx="1000" originy="-500" endx="200" endy="-500" width="0" />
    <line originx="200" originy="500" endx="200" endy="-500" width="0" />
    <sympin number="1" originx="600" originy="500" rotation="90" length="100" width="7.8740157480315" flipped="False">
      <text name="pinname" originx="600" originy="470" style="Default" rotation="0" justify="right" flipped="False" hidden="False" data="SIGNAL" />
      <text name="pindes" originx="580" originy="560" style="Default" rotation="0" justify="lowerleft" flipped="False" hidden="False" data="1" />
    </sympin>
    <sympin number="2" originx="200" originy="0" rotation="180" length="100" width="7.8740157480315" flipped="False">
      <text name="pinname" originx="230" originy="0" style="Default" rotation="0" justify="left" flipped="False" hidden="False" data="GND_1" />
      <text name="pindes" originx="140" originy="20" style="Default" rotation="0" justify="lowerright" flipped="False" hidden="False" data="2" />
    </sympin>
    <sympin number="3" originx="600" originy="-500" rotation="270" length="100" width="7.8740157480315" flipped="False">
      <text name="pinname" originx="600" originy="-470" style="Default" rotation="0" justify="left" flipped="False" hidden="False" data="GND_2" />
      <text name="pindes" originx="580" originy="-560" style="Default" rotation="0" justify="lowerright" flipped="False" hidden="False" data="3" />
    </sympin>
    <sympin number="4" originx="1000" originy="0" rotation="0" length="100" width="7.8740157480315" flipped="False">
      <text name="pinname" originx="970" originy="0" style="Default" rotation="0" justify="right" flipped="False" hidden="False" data="GND_3" />
      <text name="pindes" originx="1060" originy="20" style="Default" rotation="0" justify="lowerleft" flipped="False" hidden="False" data="4" />
    </sympin>
  </symbol>
  <component name="CONMHF1-SMD-G-T" designatorprefix="IC" height="51.574803149606" footprint="CONMHF1SMDGT">
    <comppin designator="1" sympin="1" pinswap="0" gateswap="0" gate="1" group="1" side="" type="Any" name="SIGNAL" />
    <comppin designator="2" sympin="2" pinswap="0" gateswap="0" gate="1" group="1" side="" type="Any" name="GND_1" />
    <comppin designator="3" sympin="3" pinswap="0" gateswap="0" gate="1" group="1" side="" type="Any" name="GND_2" />
    <comppin designator="4" sympin="4" pinswap="0" gateswap="0" gate="1" group="1" side="" type="Any" name="GND_3" />
    <attached_symbol gate="1" name="CONMHF1-SMD-G-T" />
    <pinmap designator="1" footprintpin="1" />
    <pinmap designator="2" footprintpin="2" />
    <pinmap designator="3" footprintpin="3" />
    <pinmap designator="4" footprintpin="4" />
    <text name="Datasheet" originx="0" originy="0" style="Default" rotation="0" justify="" flipped="False" hidden="True" data="https://www.te.com/commerce/DocumentDelivery/DDEController?Action=srchrtrv&amp;DocNm=conmhf1-smd-g-t-ds&amp;DocType=Data Sheet&amp;DocLang=English&amp;PartCntxt=CONMHF1-SMD-G-T&amp;DocFormat=pdf" />
    <text name="Description" originx="0" originy="0" style="Default" rotation="0" justify="" flipped="False" hidden="True" data="Body Features: Body Material Copper Alloy | Body Plating Material Gold | Configuration Features: Number of Positions 1 | Number of Coaxial Contacts 1 | Electrical Characteristics: Impedance 50 OHM | Mechanical Attachment: RF Connector Coupling Mechanism Snap-On | Connector Mounting Type Board Mount | Operation/Application: Circuit Application Signal | Operating Frequency 6 GHZ | Other: Dielectric Material LCP | Product Type Features: Connector &amp; Contact Terminates To Printed Circuit Board | Connector System" />
    <text name="Mouser Part Number" originx="0" originy="0" style="Default" rotation="0" justify="" flipped="False" hidden="True" data="712-CONMHF1-SMD-G-T" />
    <text name="Mouser Price/Stock" originx="0" originy="0" style="Default" rotation="0" justify="" flipped="False" hidden="True" data="https://www.mouser.co.uk/ProductDetail/TE-Connectivity-Linx-Technologies/CONMHF1-SMD-G-T?qs=7D1LtPJG0i0JqNJVGTgWfg%3D%3D" />
    <text name="Manufacturer_Name" originx="0" originy="0" style="Default" rotation="0" justify="" flipped="False" hidden="True" data="TE Connectivity" />
    <text name="Manufacturer_Part_Number" originx="1050" originy="600" style="Default" rotation="0" justify="left" flipped="False" hidden="False" data="CONMHF1-SMD-G-T" />
  </component>
</quadcept_library>
