<?xml version="1.0" encoding="utf-8"?>
<!--/263688/1626680/2.50/8/2/Integrated Circuit/-->
<quadcept_library>
  <setting unit="mil" />
  <textstyle name="Default" height="47.244094488189" strokewidth="7.8740157480315" charwidth="47.244094488189" />
  <textstyle name="Dimension" height="19.6850393700787" strokewidth="0" charwidth="19.6850393700787" />
  <textstyle name="H127W0635TH00762" height="50" strokewidth="3" charwidth="25" />
  <textstyle name="H15W15TH02" height="59.0551181102362" strokewidth="7.8740157480315" charwidth="59.0551181102362" />
  <padstyle name="r152.5_65" surface="True" plated="False" isvia="False" nopaste="False" nomask="True" complex="False" holesize="0">
    <padshape layer="TOP" shape="rectangle" width="25.590551181102" height="60.039370078739" />
    <padshape layer="TOP_SOLDER_MASK" shape="rectangle" width="33.464566929133" height="67.913385826771" />
    <padshape layer="TOP_SOLDER_PASTE" shape="rectangle" width="25.590551181102" height="60.039370078739" />
  </padstyle>
  <footprint name="SOIC127P600X170-8N" originx="0" originy="0" pickpointx="0" pickpointy="0">
    <pcbpin number="1" name="1" style="r152.5_65" originx="-105.82677165354" originy="74.999999999999" rotation="90" />
    <pcbpin number="2" name="2" style="r152.5_65" originx="-105.82677165354" originy="25" rotation="90" />
    <pcbpin number="3" name="3" style="r152.5_65" originx="-105.82677165354" originy="-25" rotation="90" />
    <pcbpin number="4" name="4" style="r152.5_65" originx="-105.82677165354" originy="-74.999999999999" rotation="90" />
    <pcbpin number="5" name="5" style="r152.5_65" originx="105.82677165354" originy="-74.999999999999" rotation="90" />
    <pcbpin number="6" name="6" style="r152.5_65" originx="105.82677165354" originy="-25" rotation="90" />
    <pcbpin number="7" name="7" style="r152.5_65" originx="105.82677165354" originy="25" rotation="90" />
    <pcbpin number="8" name="8" style="r152.5_65" originx="105.82677165354" originy="74.999999999999" rotation="90" />
    <line layer="TOP_PLACE_BOUND" originx="-145.66929133858" originy="107.28346456693" endx="145.66929133858" endy="107.28346456693" width="1.9685039370079" />
    <line layer="TOP_PLACE_BOUND" originx="145.66929133858" originy="107.28346456693" endx="145.66929133858" endy="-107.28346456693" width="1.9685039370079" />
    <line layer="TOP_PLACE_BOUND" originx="145.66929133858" originy="-107.28346456693" endx="-145.66929133858" endy="-107.28346456693" width="1.9685039370079" />
    <line layer="TOP_PLACE_BOUND" originx="-145.66929133858" originy="-107.28346456693" endx="-145.66929133858" endy="107.28346456693" width="1.9685039370079" />
    <line layer="TOP_ASSEMBLY" originx="-75.787401574802" originy="96.456692913385" endx="75.787401574802" endy="96.456692913385" width="3.9370078740157" />
    <line layer="TOP_ASSEMBLY" originx="75.787401574802" originy="96.456692913385" endx="75.787401574802" endy="-96.456692913385" width="3.9370078740157" />
    <line layer="TOP_ASSEMBLY" originx="75.787401574802" originy="-96.456692913385" endx="-75.787401574802" endy="-96.456692913385" width="3.9370078740157" />
    <line layer="TOP_ASSEMBLY" originx="-75.787401574802" originy="-96.456692913385" endx="-75.787401574802" endy="96.456692913385" width="3.9370078740157" />
    <line layer="TOP_ASSEMBLY" originx="-75.787401574802" originy="46.456692913385" endx="-25.787401574803" endy="96.456692913385" width="3.9370078740157" />
    <line layer="TOP_SILKSCREEN" originx="-62.007874015747" originy="96.456692913385" endx="62.007874015747" endy="96.456692913385" width="7.8740157480314" />
    <line layer="TOP_SILKSCREEN" originx="62.007874015747" originy="96.456692913385" endx="62.007874015747" endy="-96.456692913385" width="7.8740157480314" />
    <line layer="TOP_SILKSCREEN" originx="62.007874015747" originy="-96.456692913385" endx="-62.007874015747" endy="-96.456692913385" width="7.8740157480314" />
    <line layer="TOP_SILKSCREEN" originx="-62.007874015747" originy="-96.456692913385" endx="-62.007874015747" endy="96.456692913385" width="7.8740157480314" />
    <line layer="TOP_SILKSCREEN" originx="-135.82677165354" originy="101.57480314961" endx="-75.787401574802" endy="101.57480314961" width="7.8740157480314" />
  </footprint>
  <symbol name="DMP3056LSS-13" originx="0" originy="0">
    <line originx="200" originy="100" endx="800" endy="100" width="0" />
    <line originx="800" originy="-400" endx="800" endy="100" width="0" />
    <line originx="800" originy="-400" endx="200" endy="-400" width="0" />
    <line originx="200" originy="100" endx="200" endy="-400" width="0" />
    <sympin number="1" originx="200" originy="0" rotation="180" length="100" width="7.8740157480315" flipped="False">
      <text name="pinname" originx="230" originy="0" style="Default" rotation="0" justify="left" flipped="False" hidden="False" data="S_1" />
      <text name="pindes" originx="140" originy="20" style="Default" rotation="0" justify="lowerright" flipped="False" hidden="False" data="1" />
    </sympin>
    <sympin number="2" originx="200" originy="-100" rotation="180" length="100" width="7.8740157480315" flipped="False">
      <text name="pinname" originx="230" originy="-100" style="Default" rotation="0" justify="left" flipped="False" hidden="False" data="S_2" />
      <text name="pindes" originx="140" originy="-80" style="Default" rotation="0" justify="lowerright" flipped="False" hidden="False" data="2" />
    </sympin>
    <sympin number="3" originx="200" originy="-200" rotation="180" length="100" width="7.8740157480315" flipped="False">
      <text name="pinname" originx="230" originy="-200" style="Default" rotation="0" justify="left" flipped="False" hidden="False" data="S_3" />
      <text name="pindes" originx="140" originy="-180" style="Default" rotation="0" justify="lowerright" flipped="False" hidden="False" data="3" />
    </sympin>
    <sympin number="4" originx="200" originy="-300" rotation="180" length="100" width="7.8740157480315" flipped="False">
      <text name="pinname" originx="230" originy="-300" style="Default" rotation="0" justify="left" flipped="False" hidden="False" data="G" />
      <text name="pindes" originx="140" originy="-280" style="Default" rotation="0" justify="lowerright" flipped="False" hidden="False" data="4" />
    </sympin>
    <sympin number="8" originx="800" originy="0" rotation="0" length="100" width="7.8740157480315" flipped="False">
      <text name="pinname" originx="770" originy="0" style="Default" rotation="0" justify="right" flipped="False" hidden="False" data="D_4" />
      <text name="pindes" originx="860" originy="20" style="Default" rotation="0" justify="lowerleft" flipped="False" hidden="False" data="8" />
    </sympin>
    <sympin number="7" originx="800" originy="-100" rotation="0" length="100" width="7.8740157480315" flipped="False">
      <text name="pinname" originx="770" originy="-100" style="Default" rotation="0" justify="right" flipped="False" hidden="False" data="D_3" />
      <text name="pindes" originx="860" originy="-80" style="Default" rotation="0" justify="lowerleft" flipped="False" hidden="False" data="7" />
    </sympin>
    <sympin number="6" originx="800" originy="-200" rotation="0" length="100" width="7.8740157480315" flipped="False">
      <text name="pinname" originx="770" originy="-200" style="Default" rotation="0" justify="right" flipped="False" hidden="False" data="D_2" />
      <text name="pindes" originx="860" originy="-180" style="Default" rotation="0" justify="lowerleft" flipped="False" hidden="False" data="6" />
    </sympin>
    <sympin number="5" originx="800" originy="-300" rotation="0" length="100" width="7.8740157480315" flipped="False">
      <text name="pinname" originx="770" originy="-300" style="Default" rotation="0" justify="right" flipped="False" hidden="False" data="D_1" />
      <text name="pindes" originx="860" originy="-280" style="Default" rotation="0" justify="lowerleft" flipped="False" hidden="False" data="5" />
    </sympin>
  </symbol>
  <component name="DMP3056LSS-13" designatorprefix="IC" height="66.929133858267" footprint="SOIC127P600X170-8N">
    <comppin designator="1" sympin="1" pinswap="0" gateswap="0" gate="1" group="1" side="" type="Any" name="S_1" />
    <comppin designator="2" sympin="2" pinswap="0" gateswap="0" gate="1" group="1" side="" type="Any" name="S_2" />
    <comppin designator="3" sympin="3" pinswap="0" gateswap="0" gate="1" group="1" side="" type="Any" name="S_3" />
    <comppin designator="4" sympin="4" pinswap="0" gateswap="0" gate="1" group="1" side="" type="Any" name="G" />
    <comppin designator="5" sympin="5" pinswap="0" gateswap="0" gate="1" group="1" side="" type="Any" name="D_1" />
    <comppin designator="6" sympin="6" pinswap="0" gateswap="0" gate="1" group="1" side="" type="Any" name="D_2" />
    <comppin designator="7" sympin="7" pinswap="0" gateswap="0" gate="1" group="1" side="" type="Any" name="D_3" />
    <comppin designator="8" sympin="8" pinswap="0" gateswap="0" gate="1" group="1" side="" type="Any" name="D_4" />
    <attached_symbol gate="1" name="DMP3056LSS-13" />
    <pinmap designator="1" footprintpin="1" />
    <pinmap designator="2" footprintpin="2" />
    <pinmap designator="3" footprintpin="3" />
    <pinmap designator="4" footprintpin="4" />
    <pinmap designator="5" footprintpin="5" />
    <pinmap designator="6" footprintpin="6" />
    <pinmap designator="7" footprintpin="7" />
    <pinmap designator="8" footprintpin="8" />
    <text name="Datasheet" originx="0" originy="0" style="Default" rotation="0" justify="" flipped="False" hidden="True" data="https://www.diodes.com//assets/Datasheets/ds31421.pdf" />
    <text name="Description" originx="0" originy="0" style="Default" rotation="0" justify="" flipped="False" hidden="True" data="MOSFET P Channel 30V 7.1A 2.1V @ 250uA 45m @ 6A,10V SOP-8_150mil RoHS" />
    <text name="Mouser Part Number" originx="0" originy="0" style="Default" rotation="0" justify="" flipped="False" hidden="True" data="621-DMP3056LSS-13" />
    <text name="Mouser Price/Stock" originx="0" originy="0" style="Default" rotation="0" justify="" flipped="False" hidden="True" data="https://www.mouser.co.uk/ProductDetail/Diodes-Incorporated/DMP3056LSS-13?qs=oUsD4qhOtFyEnPLZKitYRA%3D%3D" />
    <text name="Manufacturer_Name" originx="0" originy="0" style="Default" rotation="0" justify="" flipped="False" hidden="True" data="Diodes Incorporated" />
    <text name="Manufacturer_Part_Number" originx="850" originy="200" style="Default" rotation="0" justify="left" flipped="False" hidden="False" data="DMP3056LSS-13" />
  </component>
</quadcept_library>
