<?xml version="1.0" encoding="utf-8"?>
<!--/1032839/1626680/2.50/8/3/Integrated Circuit/-->
<quadcept_library>
  <setting unit="mil" />
  <textstyle name="Default" height="47.244094488189" strokewidth="7.8740157480315" charwidth="47.244094488189" />
  <textstyle name="Dimension" height="19.6850393700787" strokewidth="0" charwidth="19.6850393700787" />
  <textstyle name="H127W0635TH00762" height="50" strokewidth="3" charwidth="25" />
  <textstyle name="H15W15TH02" height="59.0551181102362" strokewidth="7.8740157480315" charwidth="59.0551181102362" />
  <padstyle name="s25" surface="True" plated="False" isvia="False" nopaste="False" nomask="True" complex="False" holesize="0">
    <padshape layer="TOP" shape="square" width="9.8425196850392" height="9.8425196850392" />
    <padshape layer="TOP_SOLDER_MASK" shape="square" width="17.716535433071" height="17.716535433071" />
    <padshape layer="TOP_SOLDER_PASTE" shape="square" width="9.8425196850392" height="9.8425196850392" />
  </padstyle>
  <footprint name="BGS13SN8E6327XTSA1" originx="0" originy="0" pickpointx="0" pickpointy="0">
    <pcbpin number="1" name="1" style="s25" originx="15.748031496063" originy="-15.748031496063" rotation="90" />
    <pcbpin number="2" name="2" style="s25" originx="15.748031496063" originy="0" rotation="90" />
    <pcbpin number="3" name="3" style="s25" originx="15.748031496063" originy="15.748031496063" rotation="90" />
    <pcbpin number="4" name="4" style="s25" originx="0" originy="15.748031496063" rotation="90" />
    <pcbpin number="5" name="5" style="s25" originx="-15.748031496063" originy="15.748031496063" rotation="90" />
    <pcbpin number="6" name="6" style="s25" originx="-15.748031496063" originy="0" rotation="90" />
    <pcbpin number="7" name="7" style="s25" originx="-15.748031496063" originy="-15.748031496063" rotation="90" />
    <pcbpin number="8" name="8" style="s25" originx="0" originy="-15.748031496063" rotation="90" />
    <line layer="TOP_ASSEMBLY" originx="-21.653543307086" originy="21.653543307086" endx="21.653543307086" endy="21.653543307086" width="3.9370078740157" />
    <line layer="TOP_ASSEMBLY" originx="21.653543307086" originy="21.653543307086" endx="21.653543307086" endy="-21.653543307086" width="3.9370078740157" />
    <line layer="TOP_ASSEMBLY" originx="21.653543307086" originy="-21.653543307086" endx="-21.653543307086" endy="-21.653543307086" width="3.9370078740157" />
    <line layer="TOP_ASSEMBLY" originx="-21.653543307086" originy="-21.653543307086" endx="-21.653543307086" endy="21.653543307086" width="3.9370078740157" />
    <line layer="TOP_PLACE_BOUND" originx="-61.023622047243" originy="61.023622047243" endx="61.023622047243" endy="61.023622047243" width="3.9370078740157" />
    <line layer="TOP_PLACE_BOUND" originx="61.023622047243" originy="61.023622047243" endx="61.023622047243" endy="-61.023622047243" width="3.9370078740157" />
    <line layer="TOP_PLACE_BOUND" originx="61.023622047243" originy="-61.023622047243" endx="-61.023622047243" endy="-61.023622047243" width="3.9370078740157" />
    <line layer="TOP_PLACE_BOUND" originx="-61.023622047243" originy="-61.023622047243" endx="-61.023622047243" endy="61.023622047243" width="3.9370078740157" />
    <line layer="TOP_SILKSCREEN" originx="15.748031496063" originy="-39.370078740157" endx="15.748031496063" endy="-39.370078740157" width="3.9370078740157" />
    <arc layer="TOP_SILKSCREEN" originx="15.748031496063" originy="-41.338582677165" startangle="90.0" sweepangle="180.0" radius="1.9685039370079" width="3.9370078740157" />
    <line layer="TOP_SILKSCREEN" originx="15.748031496063" originy="-43.307086614173" endx="15.748031496063" endy="-43.307086614173" width="3.9370078740157" />
    <arc layer="TOP_SILKSCREEN" originx="15.748031496063" originy="-41.338582677165" startangle="-90.0" sweepangle="180.0" radius="1.9685039370079" width="3.9370078740157" />
  </footprint>
  <symbol name="BGS13SN8E6327XTSA1" originx="0" originy="0">
    <line originx="200" originy="100" endx="900" endy="100" width="0" />
    <line originx="900" originy="-400" endx="900" endy="100" width="0" />
    <line originx="900" originy="-400" endx="200" endy="-400" width="0" />
    <line originx="200" originy="100" endx="200" endy="-400" width="0" />
    <sympin number="1" originx="200" originy="0" rotation="180" length="100" width="7.8740157480315" flipped="False">
      <text name="pinname" originx="230" originy="0" style="Default" rotation="0" justify="left" flipped="False" hidden="False" data="VDD" />
      <text name="pindes" originx="140" originy="20" style="Default" rotation="0" justify="lowerright" flipped="False" hidden="False" data="1" />
    </sympin>
    <sympin number="2" originx="200" originy="-100" rotation="180" length="100" width="7.8740157480315" flipped="False">
      <text name="pinname" originx="230" originy="-100" style="Default" rotation="0" justify="left" flipped="False" hidden="False" data="V2" />
      <text name="pindes" originx="140" originy="-80" style="Default" rotation="0" justify="lowerright" flipped="False" hidden="False" data="2" />
    </sympin>
    <sympin number="3" originx="200" originy="-200" rotation="180" length="100" width="7.8740157480315" flipped="False">
      <text name="pinname" originx="230" originy="-200" style="Default" rotation="0" justify="left" flipped="False" hidden="False" data="V1" />
      <text name="pindes" originx="140" originy="-180" style="Default" rotation="0" justify="lowerright" flipped="False" hidden="False" data="3" />
    </sympin>
    <sympin number="4" originx="200" originy="-300" rotation="180" length="100" width="7.8740157480315" flipped="False">
      <text name="pinname" originx="230" originy="-300" style="Default" rotation="0" justify="left" flipped="False" hidden="False" data="RF3" />
      <text name="pindes" originx="140" originy="-280" style="Default" rotation="0" justify="lowerright" flipped="False" hidden="False" data="4" />
    </sympin>
    <sympin number="5" originx="900" originy="0" rotation="0" length="100" width="7.8740157480315" flipped="False">
      <text name="pinname" originx="870" originy="0" style="Default" rotation="0" justify="right" flipped="False" hidden="False" data="RF1" />
      <text name="pindes" originx="960" originy="20" style="Default" rotation="0" justify="lowerleft" flipped="False" hidden="False" data="5" />
    </sympin>
    <sympin number="6" originx="900" originy="-100" rotation="0" length="100" width="7.8740157480315" flipped="False">
      <text name="pinname" originx="870" originy="-100" style="Default" rotation="0" justify="right" flipped="False" hidden="False" data="RFIN" />
      <text name="pindes" originx="960" originy="-80" style="Default" rotation="0" justify="lowerleft" flipped="False" hidden="False" data="6" />
    </sympin>
    <sympin number="7" originx="900" originy="-200" rotation="0" length="100" width="7.8740157480315" flipped="False">
      <text name="pinname" originx="870" originy="-200" style="Default" rotation="0" justify="right" flipped="False" hidden="False" data="RF2" />
      <text name="pindes" originx="960" originy="-180" style="Default" rotation="0" justify="lowerleft" flipped="False" hidden="False" data="7" />
    </sympin>
    <sympin number="8" originx="900" originy="-300" rotation="0" length="100" width="7.8740157480315" flipped="False">
      <text name="pinname" originx="870" originy="-300" style="Default" rotation="0" justify="right" flipped="False" hidden="False" data="DGND" />
      <text name="pindes" originx="960" originy="-280" style="Default" rotation="0" justify="lowerleft" flipped="False" hidden="False" data="8" />
    </sympin>
  </symbol>
  <component name="BGS13SN8E6327XTSA1" designatorprefix="IC" height="15.748031496063" footprint="BGS13SN8E6327XTSA1">
    <comppin designator="1" sympin="1" pinswap="0" gateswap="0" gate="1" group="1" side="" type="Any" name="VDD" />
    <comppin designator="2" sympin="2" pinswap="0" gateswap="0" gate="1" group="1" side="" type="Any" name="V2" />
    <comppin designator="3" sympin="3" pinswap="0" gateswap="0" gate="1" group="1" side="" type="Any" name="V1" />
    <comppin designator="4" sympin="4" pinswap="0" gateswap="0" gate="1" group="1" side="" type="Any" name="RF3" />
    <comppin designator="5" sympin="5" pinswap="0" gateswap="0" gate="1" group="1" side="" type="Any" name="RF1" />
    <comppin designator="6" sympin="6" pinswap="0" gateswap="0" gate="1" group="1" side="" type="Any" name="RFIN" />
    <comppin designator="7" sympin="7" pinswap="0" gateswap="0" gate="1" group="1" side="" type="Any" name="RF2" />
    <comppin designator="8" sympin="8" pinswap="0" gateswap="0" gate="1" group="1" side="" type="Any" name="DGND" />
    <attached_symbol gate="1" name="BGS13SN8E6327XTSA1" />
    <pinmap designator="1" footprintpin="1" />
    <pinmap designator="2" footprintpin="2" />
    <pinmap designator="3" footprintpin="3" />
    <pinmap designator="4" footprintpin="4" />
    <pinmap designator="5" footprintpin="5" />
    <pinmap designator="6" footprintpin="6" />
    <pinmap designator="7" footprintpin="7" />
    <pinmap designator="8" footprintpin="8" />
    <text name="Datasheet" originx="0" originy="0" style="Default" rotation="0" justify="" flipped="False" hidden="True" data="https://www.mouser.ph/ProductDetail/Infineon-Technologies/BGS13SN8E6327XTSA1?qs=0DP5yvOrqYmFtfP%2BZ8kQgQ==" />
    <text name="Description" originx="0" originy="0" style="Default" rotation="0" justify="" flipped="False" hidden="True" data="INFINEON - BGS13SN8E6327XTSA1 - RF SWITCH, SP3T, 0.1-6GHZ, TSNP-8" />
    <text name="Mouser Part Number" originx="0" originy="0" style="Default" rotation="0" justify="" flipped="False" hidden="True" data="726-BGS13SN8E6327XTS" />
    <text name="Mouser Price/Stock" originx="0" originy="0" style="Default" rotation="0" justify="" flipped="False" hidden="True" data="https://www.mouser.co.uk/ProductDetail/Infineon-Technologies/BGS13SN8E6327XTSA1?qs=0DP5yvOrqYmFtfP%252BZ8kQgQ%3D%3D" />
    <text name="Manufacturer_Name" originx="0" originy="0" style="Default" rotation="0" justify="" flipped="False" hidden="True" data="Infineon" />
    <text name="Manufacturer_Part_Number" originx="950" originy="200" style="Default" rotation="0" justify="left" flipped="False" hidden="False" data="BGS13SN8E6327XTSA1" />
  </component>
</quadcept_library>
